,GroundTruth,Images,SegmentationsGTHighQuality
GroundTruth,0.988155668358714,0,0.011844331641286
Images,0,0.972927241962775,0.027072758037225
SegmentationsGTHighQuality,0.5,0.5,0
